{"cameraMode":{"drawMode":0,"name":"Shaded","section":"Shading Mode"},"sceneLighting":true,"audioPlay":false,"sceneViewState":{"m_AlwaysRefresh":true,"showFog":true,"showSkybox":true,"showFlares":true,"showImageEffects":true,"showParticleSystems":true,"showVisualEffectGraphs":true,"m_FxEnabled":true},"in2DMode":false,"pivot":{"x":-3.2119359970092775,"y":0.16622018814086915,"z":-1.5402452945709229},"rotation":{"x":-0.14646025002002717,"y":0.8478097319602966,"z":-0.40986281633377077,"w":-0.30295678973197939},"size":3.8752543926239015,"orthographic":false}